vehicles_per_class,log10_symmetry_group,labeled_variables,aggregate_variables,labeled_time_seconds,aggregate_time_seconds,aggregate_objective,labeled_objective,labeled_optimal
4,2.760422483423211,840,210,0.04514220000055502,0.014940899996872758,1705.0566792870943,1705.0566792870943,True
6,5.714664992862537,1260,210,0.046288099998491816,0.019352200000867015,1705.0566792870943,1705.056679287094,True
8,9.211041046874936,1680,210,0.042547699998976896,0.02179439999963506,1705.0566792870943,1705.0566792870943,True
10,13.119526065753584,2100,210,0.11950399999841466,0.020346600002085324,1705.0566792870943,1705.056679287094,True
12,17.360673928165284,2520,210,0.2628855000002659,0.025473800000327174,1705.0566792870943,1705.0566792870943,True
16,26.641239187558647,3360,210,0.30324079999991227,0.031253300003299955,1705.0566792870943,1705.0566792870943,True
20,36.772249233755424,4200,210,0.4360739999974612,0.02769570000236854,1705.0566792870943,1705.0566792870934,True
24,47.585411340326075,5040,210,0.41152060000240454,0.029990899998665554,1705.0566792870943,1705.0566792870943,True
30,64.84732014985144,6300,210,0.7274937000038335,0.026741099998616846,1705.0566792870943,1705.0566792870943,True
