vehicles_per_class,formulation,variables,integer_variables,median_seconds,q1_seconds,q3_seconds,proven_optima,incumbents
10,A,210,70,0.1643605999997817,0.06170892500017544,0.3320626499996706,10/10,10/10
10,L,2100,700,6.364330050000262,4.178916825000215,9.135458049999897,9/10,10/10
10,SB,2100,700,28.140598299999965,21.203956199999993,30.03037940000013,5/10,10/10
20,A,210,70,0.24156249999941792,0.16255814999976792,0.45345419999989645,10/10,10/10
20,L,4200,1400,26.457513500000005,12.837786624999808,30.049884275000522,5/10,10/10
20,SB,4200,1400,21.758615299999747,12.873967275000268,30.049614375000374,5/10,10/10
30,A,210,70,0.1595663499992952,0.0782783250006105,0.2994368750009926,10/10,10/10
30,L,6300,2100,27.20929460000025,7.476774699999623,30.055804900000112,5/10,10/10
30,SB,6300,2100,21.825911999999335,11.679125649999605,28.71240994999971,7/10,10/10
